microsite_id,site,field_lat,field_lon,location,state_province,country,biomimic,zone,sub_zone,wave_exp,tide_height
BMRBUSCAHS1002,USCAHS,36.62193333,-121.9053167,Hopkins,California,USA,robobarnacle,Mid,Mid,exposed,N/A
BMRBUSCALL66,USCALL,34.71911,-120.60889,Lompoc Landing,California,USA,robobarnacle,Mid,Mid,N/A,N/A
BMRBUSCALL67,USCALL,34.71911,-120.60889,Lompoc Landing,California,USA,robobarnacle,Mid,Mid,N/A,N/A
BMRBUSWACP104,USWACP,48.45135,-122.9617833,Cattle Point,Washington,USA,robobarnacle,High,High,protected,N/A
BMRCBZSCCB11,BZSCCB,16.816373,-88.085053,Carrie Bow Cay,Carrie Bow Cay,Belize,robocoral,0m,Backreef,N/A,N/A
BMRCBZSCCB4,BZSCCB,16.816373,-88.085053,Carrie Bow Cay,Carrie Bow Cay,Belize,robocoral,10m,Forereef,N/A,N/A
BMRCBZSCCB13,BZSCCB,16.816373,-88.085053,Carrie Bow Cay,Carrie Bow Cay,Belize,robocoral,14m,N/A,N/A,N/A
BMRCBZSCCB10,BZSCCB,16.816373,-88.085053,Carrie Bow Cay,Carrie Bow Cay,Belize,robocoral,20m,Forereef,N/A,N/A
BMRCBZSCCB6,BZSCCB,16.816373,-88.085053,Carrie Bow Cay,Carrie Bow Cay,Belize,robocoral,20m,Forereef,N/A,N/A
BMRCBZSCCB12,BZSCCB,16.816373,-88.085053,Carrie Bow Cay,Carrie Bow Cay,Belize,robocoral,2m,lagoon,N/A,N/A
BMRCBZSCCB8,BZSCCB,16.816373,-88.085053,Carrie Bow Cay,Carrie Bow Cay,Belize,robocoral,2m,Backreef,N/A,N/A
BMRCBZSCCB9,BZSCCB,16.816373,-88.085053,Carrie Bow Cay,Carrie Bow Cay,Belize,robocoral,2m,Forereef,N/A,N/A
BMRCBZSCCB2,BZSCCB,16.816373,-88.085053,Carrie Bow Cay,Carrie Bow Cay,Belize,robocoral,30m,Forereef,N/A,N/A
BMRCBZSCCB5,BZSCCB,16.816373,-88.085053,Carrie Bow Cay,Carrie Bow Cay,Belize,robocoral,30m,Forereef,N/A,N/A
BMRCBZSCCB7,BZSCCB,16.816373,-88.085053,Carrie Bow Cay,Carrie Bow Cay,Belize,robocoral,40m,Forereef,N/A,N/A
BMRCBZSCCB3,BZSCCB,16.816373,-88.085053,Carrie Bow Cay,Carrie Bow Cay,Belize,robocoral,5m,Forereef,N/A,N/A
BMRCBZSCCC5,BZSCCC,16.651323,-88.199036,Cat Cay,Cat Cay,Belize,robocoral,0m,Lagoon,N/A,N/A
BMRCBZSCCC6,BZSCCC,16.651323,-88.199036,Cat Cay,Cat Cay,Belize,robocoral,0m,Backreef,N/A,N/A
BMRCBZSCCC3,BZSCCC,16.651323,-88.199036,Cat Cay,Cat Cay,Belize,robocoral,10m,Backreef,N/A,N/A
BMRCBZSCCC4,BZSCCC,16.651323,-88.199036,Cat Cay,Cat Cay,Belize,robocoral,1m,Backreef,N/A,N/A
BMRCBZSCCC1,BZSCCC,16.651323,-88.199036,Cat Cay,Cat Cay,Belize,robocoral,2m,Backreef,N/A,N/A
BMRCBZSCCC2,BZSCCC,16.651323,-88.199036,Cat Cay,Cat Cay,Belize,robocoral,5m,Backreef,N/A,N/A
BMRCBZSCCH2,BZSCCH,16.662506,-88.135285,Channel Cay,Channel Cay,Belize,robocoral,10m,Backreef,N/A,N/A
BMRCBZSCCH1,BZSCCH,16.662506,-88.135285,Channel Cay,Channel Cay,Belize,robocoral,5m,Backreef,N/A,N/A
BMRCBZSCMC2,BZSCMC,17.453855,-88.065378,Manatee Cay,Manatee Cay,Belize,robocoral,10m,Backreef,N/A,N/A
BMRCBZSCMC1,BZSCMC,17.453855,-88.065378,Manatee Cay,Manatee Cay,Belize,robocoral,5m,Backreef,N/A,N/A
BMRCBZSCMC3,BZSCMC,17.453855,-88.065378,Manatee Cay,Manatee Cay,Belize,robocoral,5m,Lagoon,N/A,N/A
BMRCBZSCMC4,BZSCMC,17.453855,-88.065378,Manatee Cay,Manatee Cay,Belize,robocoral,5m,Backreef,N/A,N/A
BMRMCABCSI27,CABCSI,48.83906667,-125.2075833,Seppings Island,British Columbia,Canada,robomussel,High,High,exposed,2.98
BMRMCABCSI27,CABCSI,48.83906667,-125.2075833,Seppings Island,British Columbia,Canada,robomussel,High,High,exposed,2.98
BMRMCABCSI317,CABCSI,48.83906667,-125.2075833,Seppings Island,British Columbia,Canada,robomussel,High,Terr,exposed,3.19
BMRMCABCSI132,CABCSI,48.83906667,-125.2075833,Seppings Island,British Columbia,Canada,robomussel,Low,Low,exposed,1.95
BMRMCABCSI132,CABCSI,48.83906667,-125.2075833,Seppings Island,British Columbia,Canada,robomussel,Low,Low,exposed,1.95
BMRMCABCSI28,CABCSI,48.83906667,-125.2075833,Seppings Island,British Columbia,Canada,robomussel,Mid,Mid,exposed,2.27
BMRMCABCSI28,CABCSI,48.83906667,-125.2075833,Seppings Island,British Columbia,Canada,robomussel,Mid,Mid,exposed,2.27
BMRMCABCSI150,CABCSI,48.83906667,-125.2075833,Seppings Island,British Columbia,Canada,robomussel,Mid,Mid,exposed,2.3
BMRMCABCSI148,CABCSI,48.83906667,-125.2075833,Seppings Island,British Columbia,Canada,robomussel,Mid,High Mid,exposed,2.69
BMRMCABCSI148,CABCSI,48.83906667,-125.2075833,Seppings Island,British Columbia,Canada,robomussel,Mid,High Mid,exposed,2.69
BMRMCLTEMD5,CLTEMD,-29.5,-71.32,El Temblador,Coquimbo/La Serena,Chile,robomussel,High,High,exposed,N/A
BMRMMXBCBE1,MXBCBE,26.23765623,-112.47857,Baja Escorpion (San Juanico),Baja,Mexico,robomussel,High,High,N/A,N/A
BMRMMXBCBE4,MXBCBE,26.23765623,-112.47857,Baja Escorpion (San Juanico),Baja,Mexico,robomussel,Mid,Low Mid,N/A,N/A
BMRMMXBCBT3,MXBCBT,27.684879,-114.9365136,Baja Tortugas (Punta Eugenia),Baja,Mexico,robomussel,High,High,N/A,N/A
BMRMMXBCBT1,MXBCBT,27.684879,-114.9365136,Baja Tortugas (Punta Eugenia),Baja,Mexico,robomussel,Low,Low,N/A,N/A
BMRMMXBCBT2,MXBCBT,27.684879,-114.9365136,Baja Tortugas (Punta Eugenia),Baja,Mexico,robomussel,Mid,Mid,N/A,N/A
BMRMMXBCBM312,MXBCBM,31.980278,-116.793889,Bajamar,Baja,Mexico,robomussel,High,High,exposed,0.34
BMRMMXBCBM310,MXBCBM,31.980278,-116.793889,Bajamar,Baja,Mexico,robomussel,Low,Low,protected,0.49
BMRMMXBCBM311,MXBCBM,31.980278,-116.793889,Bajamar,Baja,Mexico,robomussel,Mid,Mid,protected,0.08
BMRMMXBCER305,MXBCER,31.32033333,-116.4362333,Erendira,Baja,Mexico,robomussel,High,High,exposed,0.77
BMRMMXBCER304,MXBCER,31.32033333,-116.4362333,Erendira,Baja,Mexico,robomussel,Low,Low,exposed,0.15
BMRMMXBCER313,MXBCER,31.32033333,-116.4362333,Erendira,Baja,Mexico,robomussel,Mid,Mid,exposed,0.49
BMRMMXBCES301,MXBCES,28.51683333,-114.0724,Esmeralda,Baja,Mexico,robomussel,High,High,exposed,0.31
BMRMMXBCES303,MXBCES,28.51683333,-114.0724,Esmeralda,Baja,Mexico,robomussel,Low,Low,exposed,-0.13
BMRMMXBCES302,MXBCES,28.51683333,-114.0724,Esmeralda,Baja,Mexico,robomussel,Mid,Mid,exposed,-0.05
BMRMMXBCCR3,MXBCCR,23.32882355,-110.1810739,Los Cerritos,Baja,Mexico,robomussel,High,High,N/A,N/A
BMRMMXBCCR1,MXBCCR,23.32882355,-110.1810739,Los Cerritos,Baja,Mexico,robomussel,Low,Low,N/A,N/A
BMRMMXBCCR2,MXBCCR,23.32882355,-110.1810739,Los Cerritos,Baja,Mexico,robomussel,Mid,Mid,N/A,N/A
BMRMMXBCOJ306,MXBCOJ,28.88225,-114.4237667,Los Ojitos,Baja,Mexico,robomussel,High,High,exposed,0.62
BMRMMXBCOJ308,MXBCOJ,28.88225,-114.4237667,Los Ojitos,Baja,Mexico,robomussel,Low,Low,exposed,N/A
BMRMMXBCOJ307,MXBCOJ,28.88225,-114.4237667,Los Ojitos,Baja,Mexico,robomussel,Mid,Mid,exposed,0.21
BMRMMXBCPB313,MXBCPB,29.94968333,-115.8134333,Punta Baja,Baja,Mexico,robomussel,High,High,exposed,0.69
BMRMMXBCPB309,MXBCPB,29.94968333,-115.8134333,Punta Baja,Baja,Mexico,robomussel,Low,Low,exposed,-0.15
BMRMMXBCPB314,MXBCPB,29.94968333,-115.8134333,Punta Baja,Baja,Mexico,robomussel,Mid,Mid,exposed,0.46
BMRMMXBCPM3,MXBCPM,31.861389,-116.667778,Punta Morro,Baja,Mexico,robomussel,High,High,exposed,N/A
BMRMMXBCPM1,MXBCPM,31.861389,-116.667778,Punta Morro,Baja,Mexico,robomussel,Low,Low,exposed,0.15
BMRMMXBCPM2,MXBCPM,31.861389,-116.667778,Punta Morro,Baja,Mexico,robomussel,Mid,Mid,exposed,0.29
BMRMNZAKAW190,NZAKAW,-36.917,174.4500333,Anawhata,Auckland,New Zealand,robomussel,High,High,exposed,N/A
BMRMNZAKAW186,NZAKAW,-36.917,174.4500333,Anawhata,Auckland,New Zealand,robomussel,Low,Low,exposed,N/A
BMRMNZAKAW187,NZAKAW,-36.917,174.4500333,Anawhata,Auckland,New Zealand,robomussel,Mid,Mid,exposed,N/A
BMRMNZAKAW189,NZAKAW,-36.917,174.4500333,Anawhata,Auckland,New Zealand,robomussel,Mid,Mid,exposed,N/A
BMRMNZAKPK307,NZAKPK,-36.2598,174.7530667,Pakiri,Auckland,New Zealand,robomussel,Mid,Mid,exposed,N/A
BMRMNZAKPK308,NZAKPK,-36.2598,174.7530667,Pakiri,Auckland,New Zealand,robomussel,Mid,Mid,exposed,N/A
BMRMNZAKPK309,NZAKPK,-36.2598,174.7530667,Pakiri,Auckland,New Zealand,robomussel,Mid,Mid,exposed,N/A
BMRMNZCBBT1,NZCBBT,-43.3506,172.79015,Box Thumb,Cantebury,New Zealand,robomussel,High,High,exposed,N/A
BMRMNZCBBT2,NZCBBT,-43.3506,172.79015,Box Thumb,Cantebury,New Zealand,robomussel,High,High,exposed,N/A
BMRMNZCBBT6,NZCBBT,-43.3506,172.79015,Box Thumb,Cantebury,New Zealand,robomussel,Low,Low,exposed,N/A
BMRMNZCBBT4,NZCBBT,-43.3506,172.79015,Box Thumb,Cantebury,New Zealand,robomussel,Mid,Mid,exposed,N/A
BMRMNZCMWW315,NZCMWW,-36.77893333,175.7486,Whau Whau Beach,Coromandel,New Zealand,robomussel,High,High,exposed,N/A
BMRMNZNLEB305,NZNLEB,-35.11476667,173.9604333,Elliots Beach,Northland,New Zealand,robomussel,High,High,exposed,N/A
BMRMNZNLEB304,NZNLEB,-35.11476667,173.9604333,Elliots Beach,Northland,New Zealand,robomussel,Mid,Mid,exposed,N/A
BMRMNZNLHH199,NZNLHH,-35.29461667,173.1570833,Herekino Harbour,Northland,New Zealand,robomussel,Mid,Mid,exposed,N/A
BMRMNZNLMB191,NZNLMB,-36.75161667,173.5695333,Maunganui Bluff,Northland,New Zealand,robomussel,Low,Low,exposed,N/A
BMRMNZNLMB192,NZNLMB,-36.75161667,173.5695333,Maunganui Bluff,Northland,New Zealand,robomussel,Mid,Mid,exposed,N/A
BMRMNZNLMB194,NZNLMB,-36.75161667,173.5695333,Maunganui Bluff,Northland,New Zealand,robomussel,Mid,Mid,exposed,N/A
BMRMNZWCWB1,NZWCWB,-42.019,171.22712,Woodpecker Bay,West Coast,New Zealand,robomussel,High,High,exposed,N/A
BMRMNZWCWB5,NZWCWB,-42.019,171.22712,Woodpecker Bay,West Coast,New Zealand,robomussel,Low,Low,exposed,1.88
BMRMNZWCWB6,NZWCWB,-42.019,171.22712,Woodpecker Bay,West Coast,New Zealand,robomussel,Low,Low,exposed,N/A
BMRMNZWCWB3,NZWCWB,-42.019,171.22712,Woodpecker Bay,West Coast,New Zealand,robomussel,Mid,Mid,exposed,1.11
BMRMNZWCWB4,NZWCWB,-42.019,171.22712,Woodpecker Bay,West Coast,New Zealand,robomussel,Mid,Mid,exposed,1.97
BMRMZAECKE100,ZAECKE,-33.69416,26.66777,Kenton-on-sea,Eastern Cape,South Africa,robomussel,Low,Low,moderately exposed,N/A
BMRMZAECKE101,ZAECKE,-33.69416,26.66777,Kenton-on-sea,Eastern Cape,South Africa,robomussel,Low,Low,moderately exposed,N/A
BMRMZAECKE200,ZAECKE,-33.69416,26.66777,Kenton-on-sea,Eastern Cape,South Africa,robomussel,Low,Low,moderately exposed,N/A
BMRMZAECKE201,ZAECKE,-33.69416,26.66777,Kenton-on-sea,Eastern Cape,South Africa,robomussel,Low,Low,moderately exposed,N/A
BMRMZAECKE100,ZAECKE,-33.69416,26.66777,Kenton-on-sea,Eastern Cape,South Africa,robomussel,Low,Low,moderately exposed,N/A
BMRMZAECKE101,ZAECKE,-33.69416,26.66777,Kenton-on-sea,Eastern Cape,South Africa,robomussel,Low,Low,moderately exposed,N/A
BMRMZAECKE200,ZAECKE,-33.69416,26.66777,Kenton-on-sea,Eastern Cape,South Africa,robomussel,Low,Low,moderately exposed,N/A
BMRMZAECKE201,ZAECKE,-33.69416,26.66777,Kenton-on-sea,Eastern Cape,South Africa,robomussel,Low,Low,moderately exposed,N/A
BMRMZAECKB100,ZAECKB,-33.1475,27.70333,Kidd's Beach,Eastern Cape,South Africa,robomussel,Low,Low,moderately exposed,N/A
BMRMZAECKB101,ZAECKB,-33.1475,27.70333,Kidd's Beach,Eastern Cape,South Africa,robomussel,Low,Low,moderately exposed,N/A
BMRMZAECKB200,ZAECKB,-33.1475,27.70333,Kidd's Beach,Eastern Cape,South Africa,robomussel,Low,Low,moderately exposed,N/A
BMRMZAECKB201,ZAECKB,-33.1475,27.70333,Kidd's Beach,Eastern Cape,South Africa,robomussel,Low,Low,moderately exposed,N/A
BMRMZAECKB300,ZAECKB,-33.1475,27.70333,Kidd's Beach,Eastern Cape,South Africa,robomussel,Low,Low,moderately exposed,N/A
BMRMZAECKB100,ZAECKB,-33.1475,27.70333,Kidd's Beach,Eastern Cape,South Africa,robomussel,Low,Low,moderately exposed,N/A
BMRMZAECKB101,ZAECKB,-33.1475,27.70333,Kidd's Beach,Eastern Cape,South Africa,robomussel,Low,Low,moderately exposed,N/A
BMRMZAECKB200,ZAECKB,-33.1475,27.70333,Kidd's Beach,Eastern Cape,South Africa,robomussel,Low,Low,moderately exposed,N/A
BMRMZAECKB201,ZAECKB,-33.1475,27.70333,Kidd's Beach,Eastern Cape,South Africa,robomussel,Low,Low,moderately exposed,N/A
BMRMZAECKB300,ZAECKB,-33.1475,27.70333,Kidd's Beach,Eastern Cape,South Africa,robomussel,Low,Low,moderately exposed,N/A
BMRMZAECSK100,ZAECSK,-34.04083,25.53333,Skoenmakerskop,Eastern Cape,South Africa,robomussel,Low,Low,moderately exposed,N/A
BMRMZAECSK101,ZAECSK,-34.04083,25.53333,Skoenmakerskop,Eastern Cape,South Africa,robomussel,Low,Low,moderately exposed,N/A
BMRMZAECSK100,ZAECSK,-34.04083,25.53333,Skoenmakerskop,Eastern Cape,South Africa,robomussel,Low,Low,moderately exposed,N/A
BMRMZAECSK101,ZAECSK,-34.04083,25.53333,Skoenmakerskop,Eastern Cape,South Africa,robomussel,Low,Low,moderately exposed,N/A
BMRMZAWCPN100,ZAWCPN,-32.80194,17.89833,Paternoster,Western Cape,South Africa,robomussel,Low,Low,moderately exposed,N/A
BMRMZAWCPN201,ZAWCPN,-32.80194,17.89833,Paternoster,Western Cape,South Africa,robomussel,Low,Low,moderately exposed,N/A
BMRMZAWCPN100,ZAWCPN,-32.80194,17.89833,Paternoster,Western Cape,South Africa,robomussel,Low,Low,moderately exposed,N/A
BMRMZAWCPN201,ZAWCPN,-32.80194,17.89833,Paternoster,Western Cape,South Africa,robomussel,Low,Low,moderately exposed,N/A
BMRMZAWCRO100,ZAWCRO,-34.10222,23.38083,Robberg,Western Cape,South Africa,robomussel,Low,Low,moderately exposed,N/A
BMRMZAWCRO200,ZAWCRO,-34.10222,23.38083,Robberg,Western Cape,South Africa,robomussel,Low,Low,moderately exposed,N/A
BMRMZAWCRO300,ZAWCRO,-34.10222,23.38083,Robberg,Western Cape,South Africa,robomussel,Low,Low,moderately exposed,N/A
BMRMZAWCRO400,ZAWCRO,-34.10222,23.38083,Robberg,Western Cape,South Africa,robomussel,Low,Low,moderately exposed,N/A
BMRMZAWCRO500,ZAWCRO,-34.10222,23.38083,Robberg,Western Cape,South Africa,robomussel,Low,Low,moderately exposed,N/A
BMRMZAWCRO100,ZAWCRO,-34.10222,23.38083,Robberg,Western Cape,South Africa,robomussel,Low,Low,moderately exposed,N/A
BMRMZAWCRO200,ZAWCRO,-34.10222,23.38083,Robberg,Western Cape,South Africa,robomussel,Low,Low,moderately exposed,N/A
BMRMZAWCRO300,ZAWCRO,-34.10222,23.38083,Robberg,Western Cape,South Africa,robomussel,Low,Low,moderately exposed,N/A
BMRMZAWCRO400,ZAWCRO,-34.10222,23.38083,Robberg,Western Cape,South Africa,robomussel,Low,Low,moderately exposed,N/A
BMRMZAWCRO500,ZAWCRO,-34.10222,23.38083,Robberg,Western Cape,South Africa,robomussel,Low,Low,moderately exposed,N/A
BMRMZAWCYZ100,ZAWCYZ,-33.34666,18.15305,Yzerfontein,Western Cape,South Africa,robomussel,Low,Low,moderately exposed,N/A
BMRMZAWCYZ200,ZAWCYZ,-33.34666,18.15305,Yzerfontein,Western Cape,South Africa,robomussel,Low,Low,moderately exposed,N/A
BMRMZAWCYZ300,ZAWCYZ,-33.34666,18.15305,Yzerfontein,Western Cape,South Africa,robomussel,Low,Low,moderately exposed,N/A
BMRMZAWCYZ100,ZAWCYZ,-33.34666,18.15305,Yzerfontein,Western Cape,South Africa,robomussel,Low,Low,moderately exposed,N/A
BMRMZAWCYZ200,ZAWCYZ,-33.34666,18.15305,Yzerfontein,Western Cape,South Africa,robomussel,Low,Low,moderately exposed,N/A
BMRMZAWCYZ300,ZAWCYZ,-33.34666,18.15305,Yzerfontein,Western Cape,South Africa,robomussel,Low,Low,moderately exposed,N/A
BMRMUSCAAG38,USCAAG,34.46716667,-120.2770333,Alegria,California,USA,robomussel,High,High,exposed,0.568
BMRMUSCAAG30,USCAAG,34.46716667,-120.2770333,Alegria,California,USA,robomussel,High,High,exposed,0.705
BMRMUSCAAG42,USCAAG,34.46716667,-120.2770333,Alegria,California,USA,robomussel,High,High,exposed,0.79
BMRMUSCAAG43,USCAAG,34.46716667,-120.2770333,Alegria,California,USA,robomussel,High,High,exposed,0.8
BMRMUSCAAG37,USCAAG,34.46716667,-120.2770333,Alegria,California,USA,robomussel,High,Terr,exposed,1.64
BMRMUSCAAG320,USCAAG,34.46716667,-120.2770333,Alegria,California,USA,robomussel,High,High,exposed,N/A
BMRMUSCAAG1007,USCAAG,34.46716667,-120.2770333,Alegria,California,USA,robomussel,Low,Low,exposed,0.085
BMRMUSCAAG34,USCAAG,34.46716667,-120.2770333,Alegria,California,USA,robomussel,Low,Low,exposed,0.362
BMRMUSCAAGOMEGAS2,USCAAG,34.46716667,-120.2770333,Alegria,California,USA,robomussel,Mid,Mid,exposed,0.0813
BMRMUSCAAGOMEGAS4,USCAAG,34.46716667,-120.2770333,Alegria,California,USA,robomussel,Mid,Mid,exposed,0.11305
BMRMUSCAAG33,USCAAG,34.46716667,-120.2770333,Alegria,California,USA,robomussel,Mid,Low Mid,exposed,0.4
BMRMUSCAAG100,USCAAG,34.46716667,-120.2770333,Alegria,California,USA,robomussel,Mid,Low Mid,exposed,0.465
BMRMUSCAAG44,USCAAG,34.46716667,-120.2770333,Alegria,California,USA,robomussel,Mid,Mid,exposed,0.478
BMRMUSCAAG318,USCAAG,34.46716667,-120.2770333,Alegria,California,USA,robomussel,Mid,Mid,exposed,0.565
BMRMUSCAAG36,USCAAG,34.46716667,-120.2770333,Alegria,California,USA,robomussel,Mid,Mid,exposed,0.565
BMRMUSCAAG32,USCAAG,34.46716667,-120.2770333,Alegria,California,USA,robomussel,Mid,Mid,exposed,0.682
BMRMUSCAAG35,USCAAG,34.46716667,-120.2770333,Alegria,California,USA,robomussel,Mid,Mid,exposed,0.759
BMRMUSCAAG31,USCAAG,34.46716667,-120.2770333,Alegria,California,USA,robomussel,Mid,High Mid,exposed,0.76
BMRMUSCAAG322,USCAAG,34.46716667,-120.2770333,Alegria,California,USA,robomussel,Mid,High Mid,exposed,0.76
BMRMUSCAAG41,USCAAG,34.46716667,-120.2770333,Alegria,California,USA,robomussel,Mid,Mid,exposed,0.942
BMRMUSCAAG40,USCAAG,34.46716667,-120.2770333,Alegria,California,USA,robomussel,Mid,Mid,exposed,0.943
BMRMUSCAAG39,USCAAG,34.46716667,-120.2770333,Alegria,California,USA,robomussel,Mid,High Mid,exposed,1
BMRMUSCAAG2,USCAAG,34.46716667,-120.2770333,Alegria,California,USA,robomussel,Mid,Low Mid,exposed,N/A
BMRMUSCAAG323,USCAAG,34.46716667,-120.2770333,Alegria,California,USA,robomussel,Mid,Mid,exposed,N/A
BMRMUSCACI100,USCACI,33.45139,-118.48611,Bird Rock,California,USA,robomussel,N/A,N/A,intermediate,N/A
BMRMUSCACI101,USCACI,33.45139,-118.48611,Bird Rock,California,USA,robomussel,N/A,N/A,exposed,N/A
BMRMUSCACI413,USCACI,33.45139,-118.48611,Bird Rock,California,USA,robomussel,N/A,N/A,exposed,N/A
BMRMUSCACI450,USCACI,33.45139,-118.48611,Bird Rock,California,USA,robomussel,N/A,N/A,intermediate,N/A
BMRMUSCACI560,USCACI,33.45139,-118.48611,Bird Rock,California,USA,robomussel,N/A,N/A,intermediate,N/A
BMRMUSCACI566,USCACI,33.45139,-118.48611,Bird Rock,California,USA,robomussel,N/A,N/A,exposed,N/A
BMRMUSCACI603,USCACI,33.45139,-118.48611,Bird Rock,California,USA,robomussel,N/A,N/A,intermediate,N/A
BMRMUSCACI604,USCACI,33.45139,-118.48611,Bird Rock,California,USA,robomussel,N/A,N/A,protected,N/A
BMRMUSCACI671,USCACI,33.45139,-118.48611,Bird Rock,California,USA,robomussel,N/A,N/A,intermediate,N/A
BMRMUSCACI702,USCACI,33.45139,-118.48611,Bird Rock,California,USA,robomussel,N/A,N/A,intermediate,N/A
BMRMUSCACI704,USCACI,33.45139,-118.48611,Bird Rock,California,USA,robomussel,N/A,N/A,exposed,N/A
BMRMUSCACI706,USCACI,33.45139,-118.48611,Bird Rock,California,USA,robomussel,N/A,N/A,exposed,N/A
BMRMUSCACI707,USCACI,33.45139,-118.48611,Bird Rock,California,USA,robomussel,N/A,N/A,intermediate,N/A
BMRMUSCACI976,USCACI,33.45139,-118.48611,Bird Rock,California,USA,robomussel,N/A,N/A,protected,N/A
BMRMUSCABH5,USCABH,34.7188,-120.6088,Boat House,California,USA,robomussel,High,Terr,N/A,1.058
BMRMUSCABH7,USCABH,34.7188,-120.6088,Boat House,California,USA,robomussel,Mid,Mid,exposed,0.37
BMRMUSCABH6,USCABH,34.7188,-120.6088,Boat House,California,USA,robomussel,Mid,Mid,exposed,0.525
BMRMUSCABH1,USCABH,34.7188,-120.6088,Boat House,California,USA,robomussel,Mid,Mid,N/A,0.578
BMRMUSCABH4,USCABH,34.7188,-120.6088,Boat House,California,USA,robomussel,Mid,Mid,protected,0.72
BMRMUSCABH3,USCABH,34.7188,-120.6088,Boat House,California,USA,robomussel,Mid,Mid,protected,0.861
BMRMUSCABH2,USCABH,34.7188,-120.6088,Boat House,California,USA,robomussel,Mid,Mid,protected,0.95
BMRMUSCABD184,USCABD,38.3185,-123.07395,Bodega Reserve,California,USA,robomussel,High,High,exposed,1.56
BMRMUSCABD1005,USCABD,38.3185,-123.07395,Bodega Reserve,California,USA,robomussel,High,Terr,N/A,1.65
BMRMUSCABD185,USCABD,38.3185,-123.07395,Bodega Reserve,California,USA,robomussel,High,Terr,N/A,1.75
BMRMUSCABD180,USCABD,38.3185,-123.07395,Bodega Reserve,California,USA,robomussel,Low,Low,exposed,0.69
BMRMUSCABD3,USCABD,38.3185,-123.07395,Bodega Reserve,California,USA,robomussel,Mid,Mid,exposed,0.3048
BMRMUSCABD4,USCABD,38.3185,-123.07395,Bodega Reserve,California,USA,robomussel,Mid,Mid,exposed,0.3048
BMRMUSCABD1000,USCABD,38.3185,-123.07395,Bodega Reserve,California,USA,robomussel,Mid,Mid,exposed,0.69
BMRMUSCABD1004,USCABD,38.3185,-123.07395,Bodega Reserve,California,USA,robomussel,Mid,Mid,protected,0.95
BMRMUSCABD181,USCABD,38.3185,-123.07395,Bodega Reserve,California,USA,robomussel,Mid,Low Mid,exposed,0.96
BMRMUSCABD1003,USCABD,38.3185,-123.07395,Bodega Reserve,California,USA,robomussel,Mid,Mid,protected,0.97
BMRMUSCABD1001,USCABD,38.3185,-123.07395,Bodega Reserve,California,USA,robomussel,Mid,Mid,exposed,1.31
BMRMUSCABD182,USCABD,38.3185,-123.07395,Bodega Reserve,California,USA,robomussel,Mid,Mid,exposed,1.31
BMRMUSCABD179,USCABD,38.3185,-123.07395,Bodega Reserve,California,USA,robomussel,Mid,Mid,exposed,1.34
BMRMUSCABD183,USCABD,38.3185,-123.07395,Bodega Reserve,California,USA,robomussel,Mid,High Mid,exposed,1.38
BMRMUSCABD178,USCABD,38.3185,-123.07395,Bodega Reserve,California,USA,robomussel,Mid,Mid,exposed,1.43
BMRMUSCACA22,USCACA,35.54,-121.0929167,Cambria,California,USA,robomussel,Mid,Mid,exposed,0.58
BMRMUSCACA20,USCACA,35.54,-121.0929167,Cambria,California,USA,robomussel,Mid,Mid,exposed,0.72
BMRMUSCACA21,USCACA,35.54,-121.0929167,Cambria,California,USA,robomussel,Mid,Mid,exposed,0.76
BMRMUSCACA23,USCACA,35.54,-121.0929167,Cambria,California,USA,robomussel,Mid,Mid,exposed,0.86
BMRMUSCACA328,USCACA,35.54,-121.0929167,Cambria,California,USA,robomussel,Mid,Mid,exposed,N/A
BMRMUSCACA329,USCACA,35.54,-121.0929167,Cambria,California,USA,robomussel,Mid,Mid,exposed,N/A
BMRMUSCACA330,USCACA,35.54,-121.0929167,Cambria,California,USA,robomussel,Mid,Low Mid,exposed,N/A
BMRMUSCACA332,USCACA,35.54,-121.0929167,Cambria,California,USA,robomussel,Mid,Mid,exposed,N/A
BMRMUSCACA333,USCACA,35.54,-121.0929167,Cambria,California,USA,robomussel,Mid,Mid,exposed,N/A
BMRMUSCACM87,USCACM,40.34798333,-124.3650167,Cape Mendocino,California,USA,robomussel,High,High,exposed,0.93
BMRMUSCACM3,USCACM,40.34798333,-124.3650167,Cape Mendocino,California,USA,robomussel,High,High,exposed,1.31
BMRMUSCACM89,USCACM,40.34798333,-124.3650167,Cape Mendocino,California,USA,robomussel,High,Terr,exposed,1.49
BMRMUSCACM88,USCACM,40.34798333,-124.3650167,Cape Mendocino,California,USA,robomussel,High,Terr,N/A,1.6
BMRMUSCACM81,USCACM,40.34798333,-124.3650167,Cape Mendocino,California,USA,robomussel,Low,Low,exposed,0.51
BMRMUSCACM1,USCACM,40.34798333,-124.3650167,Cape Mendocino,California,USA,robomussel,Low,Low,exposed,1.29
BMRMUSCACM85,USCACM,40.34798333,-124.3650167,Cape Mendocino,California,USA,robomussel,Mid,Mid,exposed,1.16
BMRMUSCACM84,USCACM,40.34798333,-124.3650167,Cape Mendocino,California,USA,robomussel,Mid,Mid,exposed,1.29
BMRMUSCACM2,USCACM,40.34798333,-124.3650167,Cape Mendocino,California,USA,robomussel,Mid,Mid,exposed,1.4
BMRMUSCACP57,USCACP,34.40673,-119.87829,Coal Oil pt,California,USA,robomussel,High,High,exposed,0.1
BMRMUSCACP93,USCACP,34.40673,-119.87829,Coal Oil pt,California,USA,robomussel,High,High,exposed,0.8
BMRMUSCACP94,USCACP,34.40673,-119.87829,Coal Oil pt,California,USA,robomussel,High,High,exposed,0.93
BMRMUSCACP1003,USCACP,34.40673,-119.87829,Coal Oil pt,California,USA,robomussel,High,Terr,N/A,1.4
BMRMUSCACP342,USCACP,34.40673,-119.87829,Coal Oil pt,California,USA,robomussel,High,High,exposed,N/A
BMRMUSCACP61,USCACP,34.40673,-119.87829,Coal Oil pt,California,USA,robomussel,Low,Low,exposed,0.25
BMRMUSCACP347,USCACP,34.40673,-119.87829,Coal Oil pt,California,USA,robomussel,Low,Low,exposed,N/A
BMRMUSCACP348,USCACP,34.40673,-119.87829,Coal Oil pt,California,USA,robomussel,Low,Low,exposed,N/A
BMRMUSCACP60,USCACP,34.40673,-119.87829,Coal Oil pt,California,USA,robomussel,Mid,Low Mid,exposed,0.5
BMRMUSCACP91,USCACP,34.40673,-119.87829,Coal Oil pt,California,USA,robomussel,Mid,Mid,exposed,0.62
BMRMUSCACP63,USCACP,34.40673,-119.87829,Coal Oil pt,California,USA,robomussel,Mid,Mid,exposed,0.66
BMRMUSCACP92,USCACP,34.40673,-119.87829,Coal Oil pt,California,USA,robomussel,Mid,Mid,exposed,0.66
BMRMUSCACP62,USCACP,34.40673,-119.87829,Coal Oil pt,California,USA,robomussel,Mid,Mid,exposed,0.68
BMRMUSCACP90,USCACP,34.40673,-119.87829,Coal Oil pt,California,USA,robomussel,Mid,Mid,exposed,0.68
BMRMUSCACP59,USCACP,34.40673,-119.87829,Coal Oil pt,California,USA,robomussel,Mid,Mid,exposed,0.7
BMRMUSCACP58,USCACP,34.40673,-119.87829,Coal Oil pt,California,USA,robomussel,Mid,High Mid,exposed,0.85
BMRMUSCACP341,USCACP,34.40673,-119.87829,Coal Oil pt,California,USA,robomussel,Mid,High Mid,exposed,N/A
BMRMUSCACP343,USCACP,34.40673,-119.87829,Coal Oil pt,California,USA,robomussel,Mid,Mid,exposed,N/A
BMRMUSCACP344,USCACP,34.40673,-119.87829,Coal Oil pt,California,USA,robomussel,Mid,Mid,exposed,N/A
BMRMUSCACP345,USCACP,34.40673,-119.87829,Coal Oil pt,California,USA,robomussel,Mid,Mid,exposed,N/A
BMRMUSCACP346,USCACP,34.40673,-119.87829,Coal Oil pt,California,USA,robomussel,Mid,Low Mid,exposed,N/A
BMRMUSCAFR158,USCAFR,34.06271667,-119.9192167,Fraser,California,USA,robomussel,High,High,exposed,0.92
BMRMUSCAFR368,USCAFR,34.06271667,-119.9192167,Fraser,California,USA,robomussel,High,High,exposed,N/A
BMRMUSCAFR369,USCAFR,34.06271667,-119.9192167,Fraser,California,USA,robomussel,Low,Low,exposed,N/A
BMRMUSCAFR155,USCAFR,34.06271667,-119.9192167,Fraser,California,USA,robomussel,Mid,Low Mid,exposed,0.49
BMRMUSCAFR156,USCAFR,34.06271667,-119.9192167,Fraser,California,USA,robomussel,Mid,Mid,exposed,0.65
BMRMUSCAFR157,USCAFR,34.06271667,-119.9192167,Fraser,California,USA,robomussel,Mid,High Mid,exposed,0.78
BMRMUSCAFR365,USCAFR,34.06271667,-119.9192167,Fraser,California,USA,robomussel,Mid,Mid,exposed,N/A
BMRMUSCAFR366,USCAFR,34.06271667,-119.9192167,Fraser,California,USA,robomussel,Mid,Mid,exposed,N/A
BMRMUSCAFR364,USCAFR,34.06271667,-119.9192167,Fraser,California,USA,robomussel,Mid,Mid,exposed,N/A
BMRMUSCAFR367,USCAFR,34.06271667,-119.9192167,Fraser,California,USA,robomussel,Mid,Mid,exposed,N/A
BMRMUSCAHS84,USCAHS,36.62193333,-121.9053167,Hopkins,California,USA,robomussel,High,Terr,exposed,0.96
BMRMUSCAHS89,USCAHS,36.62193333,-121.9053167,Hopkins,California,USA,robomussel,High,Terr,exposed,0.97
BMRMUSCAHS85,USCAHS,36.62193333,-121.9053167,Hopkins,California,USA,robomussel,High,Terr,exposed,1
BMRMUSCAHS122,USCAHS,36.62193333,-121.9053167,Hopkins,California,USA,robomussel,High,High,exposed,1.02
BMRMUSCAHS95,USCAHS,36.62193333,-121.9053167,Hopkins,California,USA,robomussel,High,High,exposed,1.19
BMRMUSCAHS96,USCAHS,36.62193333,-121.9053167,Hopkins,California,USA,robomussel,High,High,exposed,1.28
BMRMUSCAHS93,USCAHS,36.62193333,-121.9053167,Hopkins,California,USA,robomussel,High,Terr,exposed,1.39
BMRMUSCAHS91,USCAHS,36.62193333,-121.9053167,Hopkins,California,USA,robomussel,High,High,exposed,1.4
BMRMUSCAHS92,USCAHS,36.62193333,-121.9053167,Hopkins,California,USA,robomussel,High,High,exposed,1.4
BMRMUSCAHS83,USCAHS,36.62193333,-121.9053167,Hopkins,California,USA,robomussel,High,Terr,exposed,1.45
BMRMUSCAHS97,USCAHS,36.62193333,-121.9053167,Hopkins,California,USA,robomussel,High,High,exposed,1.45
BMRMUSCAHS110,USCAHS,36.62193333,-121.9053167,Hopkins,California,USA,robomussel,High,Terr,N/A,1.49
BMRMUSCAHS94,USCAHS,36.62193333,-121.9053167,Hopkins,California,USA,robomussel,High,High,exposed,1.5
BMRMUSCAHS1001,USCAHS,36.62193333,-121.9053167,Hopkins,California,USA,robomussel,High,Terr,N/A,1.61
BMRMUSCAHS87,USCAHS,36.62193333,-121.9053167,Hopkins,California,USA,robomussel,High,Terr,N/A,1.65
BMRMUSCAHS177,USCAHS,36.62193333,-121.9053167,Hopkins,California,USA,robomussel,Low,Low,exposed,0.53
BMRMUSCAHS88,USCAHS,36.62193333,-121.9053167,Hopkins,California,USA,robomussel,Mid,Mid,exposed,-0.09
BMRMUSCAHS123,USCAHS,36.62193333,-121.9053167,Hopkins,California,USA,robomussel,Mid,Mid,exposed,0.43
BMRMUSCAHS90,USCAHS,36.62193333,-121.9053167,Hopkins,California,USA,robomussel,Mid,Mid,exposed,0.44
BMRMUSCAHS124,USCAHS,36.62193333,-121.9053167,Hopkins,California,USA,robomussel,Mid,Mid,exposed,0.74
BMRMUSCAHS125,USCAHS,36.62193333,-121.9053167,Hopkins,California,USA,robomussel,Mid,Mid,protected,0.96
BMRMUSCAHS86,USCAHS,36.62193333,-121.9053167,Hopkins,California,USA,robomussel,Mid,Mid,exposed,1.01
BMRMUSCAHS1003,USCAHS,36.62193333,-121.9053167,Hopkins,California,USA,robomussel,Mid,Mid,exposed,1.03
BMRMUSCAHS128,USCAHS,36.62193333,-121.9053167,Hopkins,California,USA,robomussel,Mid,Low Mid,exposed,1.06
BMRMUSCAHS175,USCAHS,36.62193333,-121.9053167,Hopkins,California,USA,robomussel,Mid,Mid,protected,1.11
BMRMUSCAHS120,USCAHS,36.62193333,-121.9053167,Hopkins,California,USA,robomussel,Mid,Mid,exposed,1.12
BMRMUSCAHS127,USCAHS,36.62193333,-121.9053167,Hopkins,California,USA,robomussel,Mid,High Mid,exposed,1.25
BMRMUSCAHS1000,USCAHS,36.62193333,-121.9053167,Hopkins,California,USA,robomussel,Mid,Mid,exposed,1.32
BMRMUSCAHS126,USCAHS,36.62193333,-121.9053167,Hopkins,California,USA,robomussel,Mid,Mid,exposed,1.35
BMRMUSCAHS111,USCAHS,36.62193333,-121.9053167,Hopkins,California,USA,robomussel,Mid,Mid,exposed,1.36
BMRMUSCAHSGP1,USCAHS,36.62193333,-121.9053167,Hopkins,California,USA,robomussel,Mid,Low Mid,exposed,N/A
BMRMUSCAHSGP4,USCAHS,36.62193333,-121.9053167,Hopkins,California,USA,robomussel,Mid,Low Mid,exposed,N/A
BMRMUSCAJA80,USCAJA,34.49515,-120.4969,Jalama,California,USA,robomussel,High,High,exposed,0.73
BMRMUSCAJA81,USCAJA,34.49515,-120.4969,Jalama,California,USA,robomussel,High,High,exposed,0.89
BMRMUSCAJA39,USCAJA,34.49515,-120.4969,Jalama,California,USA,robomussel,High,High,exposed,1.06
BMRMUSCAJA1000,USCAJA,34.49515,-120.4969,Jalama,California,USA,robomussel,High,Terr,N/A,1.24
BMRMUSCAJA44,USCAJA,34.49515,-120.4969,Jalama,California,USA,robomussel,Low,Low,exposed,0.42
BMRMUSCAJA43,USCAJA,34.49515,-120.4969,Jalama,California,USA,robomussel,Low,Low,exposed,0.53
BMRMUSCAJA340,USCAJA,34.49515,-120.4969,Jalama,California,USA,robomussel,Low,Low,exposed,N/A
BMRMUSCAJA84,USCAJA,34.49515,-120.4969,Jalama,California,USA,robomussel,Mid,Mid,exposed,0.62
BMRMUSCAJA46,USCAJA,34.49515,-120.4969,Jalama,California,USA,robomussel,Mid,Mid,exposed,0.67
BMRMUSCAJA38,USCAJA,34.49515,-120.4969,Jalama,California,USA,robomussel,Mid,Mid,exposed,0.74
BMRMUSCAJA41,USCAJA,34.49515,-120.4969,Jalama,California,USA,robomussel,Mid,Mid,exposed,0.74
BMRMUSCAJA338,USCAJA,34.49515,-120.4969,Jalama,California,USA,robomussel,Mid,Mid,exposed,0.74
BMRMUSCAJA42,USCAJA,34.49515,-120.4969,Jalama,California,USA,robomussel,Mid,Low Mid,exposed,0.75
BMRMUSCAJA339,USCAJA,34.49515,-120.4969,Jalama,California,USA,robomussel,Mid,Low Mid,exposed,0.75
BMRMUSCAJA45,USCAJA,34.49515,-120.4969,Jalama,California,USA,robomussel,Mid,Mid,exposed,0.78
BMRMUSCAJA40,USCAJA,34.49515,-120.4969,Jalama,California,USA,robomussel,Mid,High Mid,exposed,0.93
BMRMUSCAJA337,USCAJA,34.49515,-120.4969,Jalama,California,USA,robomussel,Mid,High Mid,exposed,0.93
BMRMUSCAJA82,USCAJA,34.49515,-120.4969,Jalama,California,USA,robomussel,Mid,Mid,exposed,0.96
BMRMUSCAJA85,USCAJA,34.49515,-120.4969,Jalama,California,USA,robomussel,Mid,Mid,exposed,1.01
BMRMUSCALL60,USCALL,34.71911,-120.60889,Lompoc Landing,California,USA,robomussel,High,High,exposed,0.87
BMRMUSCALL46,USCALL,34.71911,-120.60889,Lompoc Landing,California,USA,robomussel,High,High,exposed,0.98
BMRMUSCALL54,USCALL,34.71911,-120.60889,Lompoc Landing,California,USA,robomussel,High,High,exposed,0.98
BMRMUSCALL59,USCALL,34.71911,-120.60889,Lompoc Landing,California,USA,robomussel,High,High,exposed,1.11
BMRMUSCALL1013,USCALL,34.71911,-120.60889,Lompoc Landing,California,USA,robomussel,High,Terr,N/A,1.6
BMRMUSCALL62,USCALL,34.71911,-120.60889,Lompoc Landing,California,USA,robomussel,Low,Low,exposed,0.1
BMRMUSCALL61,USCALL,34.71911,-120.60889,Lompoc Landing,California,USA,robomussel,Low,Low,exposed,0.26
BMRMUSCALL51,USCALL,34.71911,-120.60889,Lompoc Landing,California,USA,robomussel,Low,Low,exposed,0.35
BMRMUSCALL63,USCALL,34.71911,-120.60889,Lompoc Landing,California,USA,robomussel,Low,Low,exposed,N/A
BMRMUSCALL64,USCALL,34.71911,-120.60889,Lompoc Landing,California,USA,robomussel,Low,Low,exposed,N/A
BMRMUSCALL56,USCALL,34.71911,-120.60889,Lompoc Landing,California,USA,robomussel,Mid,Mid,exposed,0.38
BMRMUSCALL58,USCALL,34.71911,-120.60889,Lompoc Landing,California,USA,robomussel,Mid,Mid,exposed,0.49
BMRMUSCALL50,USCALL,34.71911,-120.60889,Lompoc Landing,California,USA,robomussel,Mid,Low Mid,exposed,0.66
BMRMUSCALL52,USCALL,34.71911,-120.60889,Lompoc Landing,California,USA,robomussel,Mid,Mid,exposed,0.69
BMRMUSCALL49,USCALL,34.71911,-120.60889,Lompoc Landing,California,USA,robomussel,Mid,Mid,exposed,0.76
BMRMUSCALL48,USCALL,34.71911,-120.60889,Lompoc Landing,California,USA,robomussel,Mid,High Mid,exposed,0.91
BMRMUSCALL57,USCALL,34.71911,-120.60889,Lompoc Landing,California,USA,robomussel,Mid,Mid,exposed,0.94
BMRMUSCALLGP5,USCALL,34.71911,-120.60889,Lompoc Landing,California,USA,robomussel,Mid,Mid,exposed,1.441
BMRMUSCALLGP1,USCALL,34.71911,-120.60889,Lompoc Landing,California,USA,robomussel,Mid,Mid,exposed,1.53
BMRMUSCALL100,USCALL,34.71911,-120.60889,Lompoc Landing,California,USA,robomussel,Mid,Mid,exposed,N/A
BMRMUSCALS1011,USCALS,34.71431667,-120.6075,Lompoc South,California,USA,robomussel,Low,Low,exposed,0.21
BMRMUSCALS1010,USCALS,34.71431667,-120.6075,Lompoc South,California,USA,robomussel,Mid,Mid,exposed,0.34
BMRMUSCALS55,USCALS,34.71431667,-120.6075,Lompoc South,California,USA,robomussel,Mid,Mid,exposed,0.52
BMRMUSCALS56,USCALS,34.71431667,-120.6075,Lompoc South,California,USA,robomussel,Mid,Mid,exposed,0.81
BMRMUSCAPD172,USCAPD,35.66581667,-121.2867167,Piedras,California,USA,robomussel,High,High,exposed,1.13
BMRMUSCAPD56,USCAPD,35.66581667,-121.2867167,Piedras,California,USA,robomussel,High,High,exposed,1.2
BMRMUSCAPD55,USCAPD,35.66581667,-121.2867167,Piedras,California,USA,robomussel,High,High,exposed,1.44
BMRMUSCAPD57,USCAPD,35.66581667,-121.2867167,Piedras,California,USA,robomussel,High,High,exposed,1.47
BMRMUSCAPD173,USCAPD,35.66581667,-121.2867167,Piedras,California,USA,robomussel,High,Terr,N/A,1.61
BMRMUSCAPD167,USCAPD,35.66581667,-121.2867167,Piedras,California,USA,robomussel,Low,Low,exposed,1.18
BMRMUSCAPD58,USCAPD,35.66581667,-121.2867167,Piedras,California,USA,robomussel,Mid,Mid,exposed,0.73
BMRMUSCAPD54,USCAPD,35.66581667,-121.2867167,Piedras,California,USA,robomussel,Mid,Mid,exposed,0.85
BMRMUSCAPD170,USCAPD,35.66581667,-121.2867167,Piedras,California,USA,robomussel,Mid,Mid,exposed,0.87
BMRMUSCAPD169,USCAPD,35.66581667,-121.2867167,Piedras,California,USA,robomussel,Mid,Mid,exposed,0.9
BMRMUSCAPD171,USCAPD,35.66581667,-121.2867167,Piedras,California,USA,robomussel,Mid,Mid,exposed,0.97
BMRMUSCAPD168,USCAPD,35.66581667,-121.2867167,Piedras,California,USA,robomussel,Mid,High Mid,exposed,0.98
BMRMUSCAPD60,USCAPD,35.66581667,-121.2867167,Piedras,California,USA,robomussel,Mid,Mid,exposed,1.03
BMRMUSCAPD59,USCAPD,35.66581667,-121.2867167,Piedras,California,USA,robomussel,Mid,Mid,exposed,1.09
BMRMUSCAPD53,USCAPD,35.66581667,-121.2867167,Piedras,California,USA,robomussel,Mid,Mid,exposed,1.28
BMRMUSCAPD164,USCAPD,35.66581667,-121.2867167,Piedras,California,USA,robomussel,Mid,Low Mid,exposed,1.3
BMRMUSCAPD1008,USCAPD,35.66581667,-121.2867167,Piedras,California,USA,robomussel,Mid,Mid,exposed,1.3
BMRMUSCAPD321,USCAPD,35.66581667,-121.2867167,Piedras,California,USA,robomussel,Mid,Mid,exposed,N/A
BMRMUSCAPD326,USCAPD,35.66581667,-121.2867167,Piedras,California,USA,robomussel,Mid,Mid,exposed,N/A
BMRMUSCAPD327,USCAPD,35.66581667,-121.2867167,Piedras,California,USA,robomussel,Mid,Low Mid,exposed,N/A
BMRMUSCAPR50,USCAPR,34.02041667,-119.6866333,Prisoners Harbor,California,USA,robomussel,High,High,exposed,0.89
BMRMUSCAPR317,USCAPR,34.02041667,-119.6866333,Prisoners Harbor,California,USA,robomussel,High,High,exposed,0.91
BMRMUSCAPR51,USCAPR,34.02041667,-119.6866333,Prisoners Harbor,California,USA,robomussel,High,High,exposed,1.02
BMRMUSCAPR52,USCAPR,34.02041667,-119.6866333,Prisoners Harbor,California,USA,robomussel,Mid,Mid,exposed,0.27
BMRMUSCAPR54,USCAPR,34.02041667,-119.6866333,Prisoners Harbor,California,USA,robomussel,Mid,Mid,exposed,0.29
BMRMUSCAPR320,USCAPR,34.02041667,-119.6866333,Prisoners Harbor,California,USA,robomussel,Mid,Low Mid,exposed,0.39
BMRMUSCAPR53,USCAPR,34.02041667,-119.6866333,Prisoners Harbor,California,USA,robomussel,Mid,Mid,exposed,0.46
BMRMUSCAPR319,USCAPR,34.02041667,-119.6866333,Prisoners Harbor,California,USA,robomussel,Mid,Mid,exposed,0.59
BMRMUSCAPR318,USCAPR,34.02041667,-119.6866333,Prisoners Harbor,California,USA,robomussel,Mid,High Mid,exposed,0.87
BMRMUSCATL163,USCATL,34.05165,-119.9032,Trailer,California,USA,robomussel,High,High,exposed,0.673
BMRMUSCATL328,USCATL,34.05165,-119.9032,Trailer,California,USA,robomussel,Low,Low,exposed,N/A
BMRMUSCATL325,USCATL,34.05165,-119.9032,Trailer,California,USA,robomussel,Mid,Low Mid,exposed,0.47
BMRMUSCATL324,USCATL,34.05165,-119.9032,Trailer,California,USA,robomussel,Mid,Mid,exposed,0.528
BMRMUSCATL323,USCATL,34.05165,-119.9032,Trailer,California,USA,robomussel,Mid,High Mid,exposed,0.63
BMRMUSCATL326,USCATL,34.05165,-119.9032,Trailer,California,USA,robomussel,Mid,Mid,exposed,N/A
BMRMUSCATL327,USCATL,34.05165,-119.9032,Trailer,California,USA,robomussel,Mid,Mid,exposed,N/A
BMRMUSCATL329,USCATL,34.05165,-119.9032,Trailer,California,USA,robomussel,Mid,Low Mid,exposed,N/A
BMRMUSCATL330,USCATL,34.05165,-119.9032,Trailer,California,USA,robomussel,Mid,Mid,exposed,N/A
BMRMUSCATR92,USCATR,41.06205,-124.14925,Trinidad,California,USA,robomussel,High,High,exposed,1.1
BMRMUSCATR89,USCATR,41.06205,-124.14925,Trinidad,California,USA,robomussel,Low,Low,exposed,0.89
BMRMUSCAVD1,USCAVD,41.06205,-124.14925,Trinidad,California,USA,robomussel,Mid,Mid,exposed,0.6096
BMRMUSCATR94,USCATR,41.06205,-124.14925,Trinidad,California,USA,robomussel,Mid,Low Mid,exposed,0.76
BMRMUSCATR91,USCATR,41.06205,-124.14925,Trinidad,California,USA,robomussel,Mid,Mid,exposed,0.77
BMRMUSCATR93,USCATR,41.06205,-124.14925,Trinidad,California,USA,robomussel,Mid,Mid,exposed,0.9
BMRMUSCATR174,USCATR,41.06205,-124.14925,Trinidad,California,USA,robomussel,Mid,Mid,exposed,1.16
BMRMUSCAVD2,USCAVD,41.06205,-124.14925,Trinidad,California,USA,robomussel,Mid,Mid,exposed,1.6096
BMRMUSCAVL161,USCAVL,33.98366667,-119.6657667,Valley,California,USA,robomussel,High,High,exposed,0.71
BMRMUSCAVL367,USCAVL,33.98366667,-119.6657667,Valley,California,USA,robomussel,High,High,exposed,N/A
BMRMUSCAVL323,USCAVL,33.98366667,-119.6657667,Valley,California,USA,robomussel,Low,Low,exposed,N/A
BMRMUSCAVL324,USCAVL,33.98366667,-119.6657667,Valley,California,USA,robomussel,Low,Low,exposed,N/A
BMRMUSCAVL322,USCAVL,33.98366667,-119.6657667,Valley,California,USA,robomussel,Mid,Low Mid,exposed,0.39
BMRMUSCAVL162,USCAVL,33.98366667,-119.6657667,Valley,California,USA,robomussel,Mid,Mid,exposed,0.51
BMRMUSCAVL321,USCAVL,33.98366667,-119.6657667,Valley,California,USA,robomussel,Mid,High Mid,exposed,0.6
BMRMUSCAVL368,USCAVL,33.98366667,-119.6657667,Valley,California,USA,robomussel,Mid,Mid,exposed,N/A
BMRMUSCAVL369,USCAVL,33.98366667,-119.6657667,Valley,California,USA,robomussel,Mid,Mid,exposed,N/A
BMRMUSCAWL1,USCAWL,33.96178333,-119.75485,Willows,California,USA,robomussel,High,High,exposed,0.39
BMRMUSCAWL152,USCAWL,33.96178333,-119.75485,Willows,California,USA,robomussel,High,High,exposed,0.4
BMRMUSCAWL371,USCAWL,33.96178333,-119.75485,Willows,California,USA,robomussel,Mid,Mid,exposed,-0.05
BMRMUSCAWL5,USCAWL,33.96178333,-119.75485,Willows,California,USA,robomussel,Mid,Mid,exposed,0.07
BMRMUSCAWL154,USCAWL,33.96178333,-119.75485,Willows,California,USA,robomussel,Mid,Low Mid,exposed,0.1
BMRMUSCAWL3,USCAWL,33.96178333,-119.75485,Willows,California,USA,robomussel,Mid,Mid,exposed,0.1
BMRMUSCAWL4,USCAWL,33.96178333,-119.75485,Willows,California,USA,robomussel,Mid,Mid,exposed,0.15
BMRMUSCAWL2,USCAWL,33.96178333,-119.75485,Willows,California,USA,robomussel,Mid,High Mid,exposed,0.17
BMRMUSCAWL326,USCAWL,33.96178333,-119.75485,Willows,California,USA,robomussel,Mid,High Mid,exposed,0.26
BMRMUSCAWL153,USCAWL,33.96178333,-119.75485,Willows,California,USA,robomussel,Mid,Mid,exposed,0.32
BMRMUSMADC500,USMADC,42.423707,-70.921884,"Dorothy Cove, Nahant",Massachusetts,USA,robomussel,High,High,exposed,
BMRMUSMANP508,USMANP,42.419968,-70.902284,North Point,Massachusetts,USA,robomussel,High,High,exposed,1.723
BMRMUSMANP510,USMANP,42.419968,-70.902284,North Point,Massachusetts,USA,robomussel,High,High,protected,1.903
BMRMUSMANP513,USMANP,42.419968,-70.902284,North Point,Massachusetts,USA,robomussel,High,High,protected,
BMRMUSMANP514,USMANP,42.419968,-70.902284,North Point,Massachusetts,USA,robomussel,High,High,exposed,
BMRMUSMANP515,USMANP,42.419968,-70.902284,North Point,Massachusetts,USA,robomussel,High,High,protected,
BMRMUSMANP507,USMANP,42.419968,-70.902284,North Point,Massachusetts,USA,robomussel,Low,Low,protected,1.073
BMRMUSMANP511,USMANP,42.419968,-70.902284,North Point,Massachusetts,USA,robomussel,Low,Low,exposed,
BMRMUSMANP512,USMANP,42.419968,-70.902284,North Point,Massachusetts,USA,robomussel,Low,Low,exposed,
BMRMUSMANP509,USMANP,42.419968,-70.902284,North Point,Massachusetts,USA,robomussel,Mid,Mid,protected,
BMRMUSMAPH525,USMAPH,42.41665,-70.90678,Pumphouse,Massachusetts,USA,robomussel,High,High,protected,1.564
BMRMUSMAPH400,USMAPH,42.41671,-70.90673,Pumphouse,Massachusetts,USA,robomussel,High,High,protected,1.977
BMRMUSMAPH529,USMAPH,42.41673,-70.90636,Pumphouse,Massachusetts,USA,robomussel,High,High,exposed,2.382
BMRMUSMAPH401,USMAPH,42.41663,-70.90686,Pumphouse,Massachusetts,USA,robomussel,Low,Low,exposed,0.793
BMRMUSMAPH526,USMAPH,42.41671,-70.9068,Pumphouse,Massachusetts,USA,robomussel,Low,Low,protected,0.967
BMRMUSMAPH528,USMAPH,42.41675,-70.90671,Pumphouse,Massachusetts,USA,robomussel,Mid,Mid,exposed,1.428
BMRMUSMAPH402,USMAPH,42.41664,-70.90682,Pumphouse,Massachusetts,USA,robomussel,Mid,Mid,exposed,1.636
BMRMUSORBB61,USORBB,44.83064,-124.06005,Boiler Bay,Oregon,USA,robomussel,High,High,protected,1.34
BMRMUSORBB7,USORBB,44.83064,-124.06005,Boiler Bay,Oregon,USA,robomussel,High,High,intermediate,1.48
BMRMUSORBB56,USORBB,44.83064,-124.06005,Boiler Bay,Oregon,USA,robomussel,High,High,exposed,1.58
BMRMUSORBB13,USORBB,44.83064,-124.06005,Boiler Bay,Oregon,USA,robomussel,High,High,protected,1.64
BMRMUSORBB55,USORBB,44.83064,-124.06005,Boiler Bay,Oregon,USA,robomussel,High,High,protected,1.66
BMRMUSORBB63,USORBB,44.83064,-124.06005,Boiler Bay,Oregon,USA,robomussel,High,Terr,exposed,1.71
BMRMUSORBB59,USORBB,44.83064,-124.06005,Boiler Bay,Oregon,USA,robomussel,High,Terr,exposed,1.73
BMRMUSORBB65,USORBB,44.83064,-124.06005,Boiler Bay,Oregon,USA,robomussel,High,High,exposed,1.89
BMRMUSORBB58,USORBB,44.83064,-124.06005,Boiler Bay,Oregon,USA,robomussel,High,Terr,exposed,1.93
BMRMUSORBB6,USORBB,44.83064,-124.06005,Boiler Bay,Oregon,USA,robomussel,Low,Low,intermediate,0.97
BMRMUSORBB54,USORBB,44.83064,-124.06005,Boiler Bay,Oregon,USA,robomussel,Low,Low,exposed,0.98
BMRMUSORBB14,USORBB,44.83064,-124.06005,Boiler Bay,Oregon,USA,robomussel,Low,Low,protected,1.07
BMRMUSORBB50,USORBB,44.83064,-124.06005,Boiler Bay,Oregon,USA,robomussel,Low,Low,protected,1.13
BMRMUSORBB200,USORBB,44.83064,-124.06005,Boiler Bay,Oregon,USA,robomussel,Mid,Mid,exposed,0.99
BMRMUSORBB2,USORBB,44.83064,-124.06005,Boiler Bay,Oregon,USA,robomussel,Mid,Mid,intermediate,1.14
BMRMUSORBB5,USORBB,44.83064,-124.06005,Boiler Bay,Oregon,USA,robomussel,Mid,Low Mid,intermediate,1.16
BMRMUSORBB9,USORBB,44.83064,-124.06005,Boiler Bay,Oregon,USA,robomussel,Mid,Mid,protected,1.24
BMRMUSORBB18,USORBB,44.83064,-124.06005,Boiler Bay,Oregon,USA,robomussel,Mid,Mid,protected,1.24
BMRMUSORBB1,USORBB,44.83064,-124.06005,Boiler Bay,Oregon,USA,robomussel,Mid,Mid,intermediate,1.25
BMRMUSORBB3,USORBB,44.83064,-124.06005,Boiler Bay,Oregon,USA,robomussel,Mid,Mid,intermediate,1.29
BMRMUSORBB10,USORBB,44.83064,-124.06005,Boiler Bay,Oregon,USA,robomussel,Mid,Mid,protected,1.33
BMRMUSORBB8,USORBB,44.83064,-124.06005,Boiler Bay,Oregon,USA,robomussel,Mid,High Mid,intermediate,1.35
BMRMUSORBB4,USORBB,44.83064,-124.06005,Boiler Bay,Oregon,USA,robomussel,Mid,Mid,intermediate,1.38
BMRMUSORBB11,USORBB,44.83064,-124.06005,Boiler Bay,Oregon,USA,robomussel,Mid,Mid,protected,1.45
BMRMUSORBB57,USORBB,44.83064,-124.06005,Boiler Bay,Oregon,USA,robomussel,Mid,High Mid,exposed,1.46
BMRMUSORBB12,USORBB,44.83064,-124.06005,Boiler Bay,Oregon,USA,robomussel,Mid,Mid,protected,N/A
BMRMUSORCA143,USORCA,43.30664,-124.40235,Cape Arago,Oregon,USA,robomussel,High,High,exposed,1.81
BMRMUSORCA147,USORCA,43.30664,-124.40235,Cape Arago,Oregon,USA,robomussel,Low,Low,exposed,0.34
BMRMUSORCA1014,USORCA,43.30664,-124.40235,Cape Arago,Oregon,USA,robomussel,Low,Low,exposed,1.83
BMRMUSORCA142,USORCA,43.30664,-124.40235,Cape Arago,Oregon,USA,robomussel,Mid,Mid,exposed,0.91
BMRMUSORCA141,USORCA,43.30664,-124.40235,Cape Arago,Oregon,USA,robomussel,Mid,Mid,exposed,0.99
BMRMUSORCA146,USORCA,43.30664,-124.40235,Cape Arago,Oregon,USA,robomussel,Mid,Low Mid,exposed,1.22
BMRMUSORCA145,USORCA,43.30664,-124.40235,Cape Arago,Oregon,USA,robomussel,Mid,Mid,exposed,1.31
BMRMUSORCA144,USORCA,43.30664,-124.40235,Cape Arago,Oregon,USA,robomussel,Mid,High Mid,exposed,1.5
BMRMUSORFC10,USORFC,44.83733333,-124.05845,Fogarty Creek,Oregon,USA,robomussel,High,Terr,N/A,2.35
BMRMUSORFC4,USORFC,44.83733333,-124.05845,Fogarty Creek,Oregon,USA,robomussel,Low,N/A,exposed,0.84
BMRMUSORFC3,USORFC,44.83733333,-124.05845,Fogarty Creek,Oregon,USA,robomussel,Mid,N/A,exposed,1.18
BMRMUSORFC2,USORFC,44.83733333,-124.05845,Fogarty Creek,Oregon,USA,robomussel,Mid,N/A,exposed,1.56
BMRMUSORFC1,USORFC,44.83733333,-124.05845,Fogarty Creek,Oregon,USA,robomussel,Mid,N/A,exposed,1.72
BMRMUSORFC2OA,USORFC,44.83733333,-124.05845,Fogarty Creek,Oregon,USA,robomussel,Mid,Low Mid,exposed,N/A
BMRMUSORFC5,USORFC,44.83733333,-124.05845,Fogarty Creek,Oregon,USA,robomussel,Mid,Low Mid,exposed,N/A
BMRMUSORSH104,USORSH,44.24992,-124.11357,Strawberry Hill,Oregon,USA,robomussel,High,High,protected,1.41
BMRMUSORSH24,USORSH,44.24992,-124.11357,Strawberry Hill,Oregon,USA,robomussel,High,High,protected,1.5
BMRMUSORSH102,USORSH,44.24992,-124.11357,Strawberry Hill,Oregon,USA,robomussel,High,High,protected,1.518
BMRMUSORSH100,USORSH,44.24992,-124.11357,Strawberry Hill,Oregon,USA,robomussel,High,High,protected,1.557
BMRMUSORSH103,USORSH,44.24992,-124.11357,Strawberry Hill,Oregon,USA,robomussel,High,High,protected,1.606
BMRMUSORSH17,USORSH,44.24992,-124.11357,Strawberry Hill,Oregon,USA,robomussel,High,High,protected,1.632
BMRMUSORSH101,USORSH,44.24992,-124.11357,Strawberry Hill,Oregon,USA,robomussel,High,Terr,protected,1.665
BMRMUSORSH20,USORSH,44.24992,-124.11357,Strawberry Hill,Oregon,USA,robomussel,High,Terr,N/A,1.966
BMRMUSORSH19,USORSH,44.24992,-124.11357,Strawberry Hill,Oregon,USA,robomussel,Low,Low,protected,1.03
BMRMUSORSH367,USORSH,44.24992,-124.11357,Strawberry Hill,Oregon,USA,robomussel,Low,Low,protected,2.865
BMRMUSORSH23,USORSH,44.24992,-124.11357,Strawberry Hill,Oregon,USA,robomussel,Mid,Mid,exposed,0.737
BMRMUSORSH32,USORSH,44.24992,-124.11357,Strawberry Hill,Oregon,USA,robomussel,Mid,Mid,exposed,0.785
BMRMUSORSH21,USORSH,44.24992,-124.11357,Strawberry Hill,Oregon,USA,robomussel,Mid,Mid,exposed,0.94
BMRMUSORSH31,USORSH,44.24992,-124.11357,Strawberry Hill,Oregon,USA,robomussel,Mid,Mid,exposed,1.002
BMRMUSORSH22,USORSH,44.24992,-124.11357,Strawberry Hill,Oregon,USA,robomussel,Mid,Mid,exposed,1.01
BMRMUSORSH30,USORSH,44.24992,-124.11357,Strawberry Hill,Oregon,USA,robomussel,Mid,Mid,exposed,1.05
BMRMUSORSH369,USORSH,44.24992,-124.11357,Strawberry Hill,Oregon,USA,robomussel,Mid,High Mid,N/A,1.15
BMRMUSORSH16,USORSH,44.24992,-124.11357,Strawberry Hill,Oregon,USA,robomussel,Mid,Mid,protected,1.22
BMRMUSORSH18,USORSH,44.24992,-124.11357,Strawberry Hill,Oregon,USA,robomussel,Mid,Mid,protected,1.28
BMRMUSORSH15,USORSH,44.24992,-124.11357,Strawberry Hill,Oregon,USA,robomussel,Mid,Mid,protected,1.318
BMRMUSORSH366,USORSH,44.24992,-124.11357,Strawberry Hill,Oregon,USA,robomussel,Mid,Mid,protected,1.438
BMRMUSORSH33,USORSH,44.24992,-124.11357,Strawberry Hill,Oregon,USA,robomussel,Mid,Mid,protected,1.65
BMRMUSORSH3,USORSH,44.24992,-124.11357,Strawberry Hill,Oregon,USA,robomussel,Mid,Low Mid,exposed,N/A
BMRMUSORSH4,USORSH,44.24992,-124.11357,Strawberry Hill,Oregon,USA,robomussel,Mid,Low Mid,exposed,N/A
BMRMUSSCOL378,USSCOL,33.349531,-79.188833,Oyster Landing,South Carolina,USA,robomussel,High,High,exposed,N/A
BMRMUSSCOL374,USSCOL,33.349531,-79.188833,Oyster Landing,South Carolina,USA,robomussel,Low,Low,exposed,N/A
BMRMUSSCOL375,USSCOL,33.349531,-79.188833,Oyster Landing,South Carolina,USA,robomussel,Mid,Low Mid,exposed,N/A
BMRMUSSCOL376,USSCOL,33.349531,-79.188833,Oyster Landing,South Carolina,USA,robomussel,Mid,Mid,exposed,N/A
BMRMUSSCOL377,USSCOL,33.349531,-79.188833,Oyster Landing,South Carolina,USA,robomussel,Mid,High Mid,exposed,N/A
BMRMUSWACP5,USWACP,48.45135,-122.9617833,Cattle Point,Washington,USA,robomussel,High,Terr,N/A,1.71
BMRMUSWACP1000,USWACP,48.45135,-122.9617833,Cattle Point,Washington,USA,robomussel,High,High,protected,2.011
BMRMUSWACP107,USWACP,48.45135,-122.9617833,Cattle Point,Washington,USA,robomussel,High,High,protected,2.341
BMRMUSWACP106,USWACP,48.45135,-122.9617833,Cattle Point,Washington,USA,robomussel,Low,Low,protected,0.71
BMRMUSWACP6,USWACP,48.45135,-122.9617833,Cattle Point,Washington,USA,robomussel,Mid,Low Mid,protected,0.458
BMRMUSWACP2,USWACP,48.45135,-122.9617833,Cattle Point,Washington,USA,robomussel,Mid,Mid,protected,0.778
BMRMUSWACP1,USWACP,48.45135,-122.9617833,Cattle Point,Washington,USA,robomussel,Mid,Mid,protected,0.99
BMRMUSWACP1003,USWACP,48.45135,-122.9617833,Cattle Point,Washington,USA,robomussel,Mid,Mid,protected,1.092
BMRMUSWACP1004,USWACP,48.45135,-122.9617833,Cattle Point,Washington,USA,robomussel,Mid,Low Mid,protected,1.143
BMRMUSWACP1001,USWACP,48.45135,-122.9617833,Cattle Point,Washington,USA,robomussel,Mid,High Mid,protected,1.183
BMRMUSWACP1002,USWACP,48.45135,-122.9617833,Cattle Point,Washington,USA,robomussel,Mid,Mid,protected,1.337
BMRMUSWACP4,USWACP,48.45135,-122.9617833,Cattle Point,Washington,USA,robomussel,Mid,Mid,protected,1.386
BMRMUSWACP3,USWACP,48.45135,-122.9617833,Cattle Point,Washington,USA,robomussel,Mid,Mid,protected,1.7
BMRMUSWACP105,USWACP,48.45135,-122.9617833,Cattle Point,Washington,USA,robomussel,Mid,Mid,protected,2.336
BMRMUSWACC103,USWACC,48.5494,-123.0059667,Colins Cove,Washington,USA,robomussel,High,High,protected,2.11
BMRMUSWACC4,USWACC,48.5494,-123.0059667,Colins Cove,Washington,USA,robomussel,High,Terr,N/A,2.45
BMRMUSWACC130,USWACC,48.5494,-123.0059667,Colins Cove,Washington,USA,robomussel,Low,Low,protected,0.59
BMRMUSWACC129,USWACC,48.5494,-123.0059667,Colins Cove,Washington,USA,robomussel,Mid,Low Mid,protected,0.58
BMRMUSWACC3,USWACC,48.5494,-123.0059667,Colins Cove,Washington,USA,robomussel,Mid,Mid,protected,0.91
BMRMUSWACC1000,USWACC,48.5494,-123.0059667,Colins Cove,Washington,USA,robomussel,Mid,Mid,protected,1
BMRMUSWACC6,USWACC,48.5494,-123.0059667,Colins Cove,Washington,USA,robomussel,Mid,Mid,protected,1.02
BMRMUSWACC2,USWACC,48.5494,-123.0059667,Colins Cove,Washington,USA,robomussel,Mid,Mid,protected,1.04
BMRMUSWACC1,USWACC,48.5494,-123.0059667,Colins Cove,Washington,USA,robomussel,Mid,Mid,protected,1.31
BMRMUSWACC109,USWACC,48.5494,-123.0059667,Colins Cove,Washington,USA,robomussel,Mid,High Mid,protected,1.84
BMRMUSWACC110,USWACC,48.5494,-123.0059667,Colins Cove,Washington,USA,robomussel,Mid,Mid,protected,2.04
BMRMUSWACC136,USWACC,48.5494,-123.0059667,Colins Cove,Washington,USA,robomussel,Mid,Mid,protected,2.18
BMRMUSWACC131,USWACC,48.5494,-123.0059667,Colins Cove,Washington,USA,robomussel,Mid,Mid,protected,2.23
BMRMUSWALB1,USWALB,48.39381667,-124.7354833,Landing Beach,Washington,USA,robomussel,High,Terr,protected,1.94
BMRMUSWALB2,USWALB,48.39381667,-124.7354833,Landing Beach,Washington,USA,robomussel,High,High,protected,2
BMRMUSWALB20,USWALB,48.39381667,-124.7354833,Landing Beach,Washington,USA,robomussel,High,Terr,N/A,2.14
BMRMUSWALB19,USWALB,48.39381667,-124.7354833,Landing Beach,Washington,USA,robomussel,High,Terr,N/A,2.51
BMRMUSWALB5,USWALB,48.39381667,-124.7354833,Landing Beach,Washington,USA,robomussel,Low,Low,protected,0.76
BMRMUSWALB12,USWALB,48.39381667,-124.7354833,Landing Beach,Washington,USA,robomussel,Mid,Mid,protected,0.93
BMRMUSWALB11,USWALB,48.39381667,-124.7354833,Landing Beach,Washington,USA,robomussel,Mid,Mid,protected,1.07
BMRMUSWALB4,USWALB,48.39381667,-124.7354833,Landing Beach,Washington,USA,robomussel,Mid,Mid,protected,1.16
BMRMUSWALB8,USWALB,48.39381667,-124.7354833,Landing Beach,Washington,USA,robomussel,Mid,Mid,protected,1.17
BMRMUSWALB9,USWALB,48.39381667,-124.7354833,Landing Beach,Washington,USA,robomussel,Mid,Mid,protected,1.18
BMRMUSWALB6,USWALB,48.39381667,-124.7354833,Landing Beach,Washington,USA,robomussel,Mid,Mid,protected,1.3
BMRMUSWALB3,USWALB,48.39381667,-124.7354833,Landing Beach,Washington,USA,robomussel,Mid,High Mid,protected,1.465
BMRMUSWALB10,USWALB,48.39381667,-124.7354833,Landing Beach,Washington,USA,robomussel,Mid,Mid,protected,1.5
BMRMUSWALB13,USWALB,48.39381667,-124.7354833,Landing Beach,Washington,USA,robomussel,Mid,Mid,protected,2.14
BMRMUSWALB16,USWALB,48.39381667,-124.7354833,Landing Beach,Washington,USA,robomussel,Mid,Mid,protected,2.14
BMRMUSWALB15,USWALB,48.39381667,-124.7354833,Landing Beach,Washington,USA,robomussel,Mid,Mid,protected,2.31
BMRMUSWALB18,USWALB,48.39381667,-124.7354833,Landing Beach,Washington,USA,robomussel,Mid,Mid,protected,2.43
BMRMUSWALB14,USWALB,48.39381667,-124.7354833,Landing Beach,Washington,USA,robomussel,Mid,Mid,protected,2.52
BMRMUSWALB17,USWALB,48.39381667,-124.7354833,Landing Beach,Washington,USA,robomussel,Mid,Mid,protected,2.55
BMRMUSWASD9,USWASD,48.39136667,-124.7383667,Strawberry Point,Washington,USA,robomussel,High,High,exposed,1.61
BMRMUSWASD19,USWASD,48.39136667,-124.7383667,Strawberry Point,Washington,USA,robomussel,High,Terr,exposed,1.63
BMRMUSWASD8,USWASD,48.39136667,-124.7383667,Strawberry Point,Washington,USA,robomussel,High,Terr,exposed,1.71
BMRMUSWASD17,USWASD,48.39136667,-124.7383667,Strawberry Point,Washington,USA,robomussel,High,High,exposed,1.77
BMRMUSWASD4,USWASD,48.39136667,-124.7383667,Strawberry Point,Washington,USA,robomussel,High,Terr,exposed,1.82
BMRMUSWASD1,USWASD,48.39136667,-124.7383667,Strawberry Point,Washington,USA,robomussel,High,Terr,exposed,1.83
BMRMUSWASD20,USWASD,48.39136667,-124.7383667,Strawberry Point,Washington,USA,robomussel,High,High,exposed,1.85
BMRMUSWASD5,USWASD,48.39136667,-124.7383667,Strawberry Point,Washington,USA,robomussel,High,High,exposed,1.88
BMRMUSWASD2,USWASD,48.39136667,-124.7383667,Strawberry Point,Washington,USA,robomussel,High,High,exposed,1.9
BMRMUSWASD16,USWASD,48.39136667,-124.7383667,Strawberry Point,Washington,USA,robomussel,High,Terr,exposed,1.94
BMRMUSWASD14,USWASD,48.39136667,-124.7383667,Strawberry Point,Washington,USA,robomussel,High,High,exposed,2.33
BMRMUSWASD18,USWASD,48.39136667,-124.7383667,Strawberry Point,Washington,USA,robomussel,Mid,Mid,exposed,1.25
BMRMUSWASD13,USWASD,48.39136667,-124.7383667,Strawberry Point,Washington,USA,robomussel,Mid,Mid,exposed,1.26
BMRMUSWASD12,USWASD,48.39136667,-124.7383667,Strawberry Point,Washington,USA,robomussel,Mid,Mid,exposed,1.35
BMRMUSWASD6,USWASD,48.39136667,-124.7383667,Strawberry Point,Washington,USA,robomussel,Mid,Mid,exposed,1.45
BMRMUSWASD21,USWASD,48.39136667,-124.7383667,Strawberry Point,Washington,USA,robomussel,Mid,Mid,exposed,1.48
BMRMUSWASD15,USWASD,48.39136667,-124.7383667,Strawberry Point,Washington,USA,robomussel,Mid,Mid,exposed,1.49
BMRMUSWASD3,USWASD,48.39136667,-124.7383667,Strawberry Point,Washington,USA,robomussel,Mid,Mid,exposed,1.5
BMRMUSWASD10,USWASD,48.39136667,-124.7383667,Strawberry Point,Washington,USA,robomussel,Mid,High Mid,exposed,1.67
BMRTUSCAHS118,USCAHS,36.62193333,-121.9053167,Hopkins,California,USA,robotidepool,N/A,N/A,N/A,0.93
BMRTUSCAHS118,USCAHS,36.62193333,-121.9053167,Hopkins,California,USA,robotidepool,N/A,N/A,N/A,0.93
BMRTUSCAHS176,USCAHS,36.62193333,-121.9053167,Hopkins,California,USA,robotidepool,N/A,N/A,N/A,1.44
BMRTUSCAHS176,USCAHS,36.62193333,-121.9053167,Hopkins,California,USA,robotidepool,N/A,N/A,N/A,1.44
BMRTUSWACC95,USWACC,48.5494,-123.0059667,Colins Cove,Washington,USA,robotidepool,N/A,N/A,N/A,2.16
ABWTUSCAHS3,USCAHS,36.62193333,-121.9053167,Hopkins,California,USA,Water Temperature,High,Terr,N/A,N/A
ABWTUSCAHS8,USCAHS,36.62193333,-121.9053167,Hopkins,California,USA,Water Temperature,High,Terr,N/A,N/A
ABWTUSCAHS17,USCAHS,36.62193333,-121.9053167,Hopkins,California,USA,Water Temperature,High,High,N/A,N/A
ABWTUSCAHS20,USCAHS,36.62193333,-121.9053167,Hopkins,California,USA,Water Temperature,High,High,N/A,N/A
ABWTUSCAHS11,USCAHS,36.62193333,-121.9053167,Hopkins,California,USA,Water Temperature,Mid,Mid,N/A,N/A
ABWTUSCALL55,USCALL,34.71911,-120.60889,Lompoc Landing,California,USA,Water Temperature,Mid,Low Mid,exposed,0.36
ABWTUSORBB317,USORBB,44.83064,-124.06005,Boiler Bay,Oregon,USA,Water Temperature,Low,Low,intermediate,N/A